<application>
  <component name="ProjectManager">
    <defaultProject>
      <component name="PropertiesComponent"><![CDATA[{
  "keyToString": {
    "settings.editor.selected.configurable": "preferences.pluginManager"
  }
}]]></component>
      <component name="VcsDirectoryMappings" defaultProject="true" />
      <component name="WindowStateProjectService">
        <state x="461" y="84" key="SettingsEditor" timestamp="1739972744374">
          <screen x="0" y="0" width="1920" height="1040" />
        </state>
        <state x="461" y="84" key="SettingsEditor/0.0.1920.1040/1920.0.1920.1040" timestamp="1739972744374" />
      </component>
    </defaultProject>
  </component>
</application>