<application>
  <component name="DimensionService">
    <location key="find.popup.0.0.1920.1080" x="724" y="127" />
    <size key="GridCell.Tab.0.right.0.0.1920.1080" width="1854" height="184" />
    <size key="GridCell.Tab.0.left.0.0.1920.1080" width="1854" height="184" />
    <size key="GridCell.Tab.0.center.0.0.1920.1080" width="1854" height="184" />
    <size key="GridCell.Tab.0.bottom.0.0.1920.1080" width="1854" height="184" />
    <size key="GridCell.Tab.1.left.0.0.1920.1080" width="1854" height="311" />
    <size key="GridCell.Tab.1.center.0.0.1920.1080" width="1854" height="311" />
    <size key="GridCell.Tab.1.right.0.0.1920.1080" width="1854" height="311" />
    <size key="GridCell.Tab.1.bottom.0.0.1920.1080" width="1854" height="311" />
    <size key="find.popup.0.0.1920.1080" width="675" height="792" />
  </component>
  <component name="WindowManager">
    <frame x="-8" y="-8" width="1936" height="1056" extendedState="6" />
  </component>
  <component name="WindowStateApplicationService">
    <state x="740" y="206" key="FileChooserDialogImpl" timestamp="1741631767569">
      <screen x="0" y="0" width="1920" height="1040" />
    </state>
    <state x="740" y="206" key="FileChooserDialogImpl/0.0.1920.1040/1920.0.1920.1040" timestamp="1741631767569" />
    <state width="418" height="164" key="ShowUsagesActions.dimensionServiceKey" timestamp="1742633737464">
      <screen x="0" y="0" width="1920" height="1040" />
    </state>
    <state width="418" height="164" key="ShowUsagesActions.dimensionServiceKey/0.0.1920.1040/1920.0.1920.1040" timestamp="1742633737464" />
  </component>
</application>